{
  "173.212.207.32": {
    "country": "France",
    "countryCode": "FR",
    "city": "Lauterbourg",
    "region": "GES",
    "lat": 48.9742,
    "lng": 8.1851
  },
  "152.53.155.15": {
    "country": "Germany",
    "countryCode": "DE",
    "city": "Nuremberg",
    "region": "BY",
    "lat": 49.405,
    "lng": 11.1617
  },
  "46.250.240.112": {
    "country": "United Kingdom",
    "countryCode": "GB",
    "city": "London",
    "region": "ENG",
    "lat": 51.5081,
    "lng": -0.1278
  },
  "154.38.169.212": {
    "country": "United States",
    "countryCode": "US",
    "city": "St Louis",
    "region": "MO",
    "lat": 38.6364,
    "lng": -90.1985
  },
  "216.234.134.1": {
    "country": "United States",
    "countryCode": "US",
    "city": "Bettendorf",
    "region": "IA",
    "lat": 41.5245,
    "lng": -90.5157
  },
  "94.72.117.130": {
    "country": "United States",
    "countryCode": "US",
    "city": "St Louis",
    "region": "MO",
    "lat": 38.6364,
    "lng": -90.1985
  },
  "207.244.224.39": {
    "country": "United States",
    "countryCode": "US",
    "city": "St Louis",
    "region": "MO",
    "lat": 38.6364,
    "lng": -90.1985
  },
  "46.250.253.68": {
    "country": "United Kingdom",
    "countryCode": "GB",
    "city": "London",
    "region": "ENG",
    "lat": 51.5081,
    "lng": -0.1278
  },
  "46.250.253.64": {
    "country": "United Kingdom",
    "countryCode": "GB",
    "city": "London",
    "region": "ENG",
    "lat": 51.5081,
    "lng": -0.1278
  },
  "178.236.183.183": {
    "country": "United States",
    "countryCode": "US",
    "city": "Chicago",
    "region": "IL",
    "lat": 41.8486,
    "lng": -87.6288
  },
  "217.76.60.69": {
    "country": "France",
    "countryCode": "FR",
    "city": "Lauterbourg",
    "region": "Grand Est",
    "lat": 48.974797,
    "lng": 8.176773
  },
  "5.189.171.245": {
    "country": "France",
    "countryCode": "FR",
    "city": "Lauterbourg",
    "region": "Grand Est",
    "lat": 48.974797,
    "lng": 8.176773
  },
  "173.249.49.47": {
    "country": "France",
    "countryCode": "FR",
    "city": "Lauterbourg",
    "region": "Grand Est",
    "lat": 48.974797,
    "lng": 8.176773
  },
  "31.220.80.127": {
    "country": "France",
    "countryCode": "FR",
    "city": "Lauterbourg",
    "region": "Grand Est",
    "lat": 48.974797,
    "lng": 8.176773
  },
  "62.171.135.107": {
    "country": "France",
    "countryCode": "FR",
    "city": "Lauterbourg",
    "region": "Grand Est",
    "lat": 48.974797,
    "lng": 8.176773
  },
  "45.67.216.110": {
    "country": "France",
    "countryCode": "FR",
    "city": "Lauterbourg",
    "region": "Grand Est",
    "lat": 48.974797,
    "lng": 8.176773
  },
  "89.233.104.42": {
    "country": "Japan",
    "countryCode": "JP",
    "city": "Tokyo",
    "region": "Tokyo",
    "lat": 35.7090259,
    "lng": 139.7319925
  },
  "149.102.128.167": {
    "country": "United Kingdom",
    "countryCode": "GB",
    "city": "Portsmouth",
    "region": "England",
    "lat": 50.8197675,
    "lng": -1.0879769
  },
  "178.18.242.133": {
    "country": "France",
    "countryCode": "FR",
    "city": "Lauterbourg",
    "region": "Grand Est",
    "lat": 48.974797,
    "lng": 8.176773
  },
  "161.97.105.152": {
    "country": "France",
    "countryCode": "FR",
    "city": "Lauterbourg",
    "region": "Grand Est",
    "lat": 48.974797,
    "lng": 8.176773
  },
  "109.123.247.212": {
    "country": "France",
    "countryCode": "FR",
    "city": "Lauterbourg",
    "region": "Grand Est",
    "lat": 48.974797,
    "lng": 8.176773
  },
  "147.93.157.237": {
    "country": "Singapore",
    "countryCode": "SG",
    "city": "Singapore",
    "region": "Southeast",
    "lat": 1.3553794,
    "lng": 103.8677444
  },
  "173.249.59.66": {
    "country": "France",
    "countryCode": "FR",
    "city": "Lauterbourg",
    "region": "Grand Est",
    "lat": 48.974797,
    "lng": 8.176773
  },
  "173.212.220.65": {
    "country": "France",
    "countryCode": "FR",
    "city": "Lauterbourg",
    "region": "Grand Est",
    "lat": 48.974797,
    "lng": 8.176773
  },
  "107.155.122.148": {
    "country": "United Kingdom",
    "countryCode": "GB",
    "city": "London",
    "region": "England",
    "lat": 51.5073509,
    "lng": -0.1277583
  },
  "173.249.42.124": {
    "country": "France",
    "countryCode": "FR",
    "city": "Lauterbourg",
    "region": "Grand Est",
    "lat": 48.974797,
    "lng": 8.176773
  },
  "149.102.130.177": {
    "country": "United Kingdom",
    "countryCode": "GB",
    "city": "Portsmouth",
    "region": "England",
    "lat": 50.8197675,
    "lng": -1.0879769
  },
  "81.0.221.113": {
    "country": "United Kingdom",
    "countryCode": "GB",
    "city": "Portsmouth",
    "region": "England",
    "lat": 50.8197675,
    "lng": -1.0879769
  },
  "45.84.138.15": {
    "country": "France",
    "countryCode": "FR",
    "city": "Lauterbourg",
    "region": "Grand Est",
    "lat": 48.974797,
    "lng": 8.176773
  },
  "84.21.171.129": {
    "country": "France",
    "countryCode": "FR",
    "city": "Lauterbourg",
    "region": "Grand Est",
    "lat": 48.974797,
    "lng": 8.176773
  },
  "173.212.217.77": {
    "country": "France",
    "countryCode": "FR",
    "city": "Lauterbourg",
    "region": "GES",
    "lat": 48.9742,
    "lng": 8.1851
  },
  "94.136.187.84": {
    "country": "India",
    "countryCode": "IN",
    "city": "Mumbai",
    "region": "MH",
    "lat": 19.0748,
    "lng": 72.8856
  },
  "152.53.236.91": {
    "country": "Germany",
    "countryCode": "DE",
    "city": "Karlsruhe",
    "region": "BW",
    "lat": 49.0291,
    "lng": 8.35696
  },
  "152.53.248.235": {
    "country": "Germany",
    "countryCode": "DE",
    "city": "Karlsruhe",
    "region": "BW",
    "lat": 49.0291,
    "lng": 8.35696
  },
  "62.171.173.64": {
    "country": "France",
    "countryCode": "FR",
    "city": "Lauterbourg",
    "region": "GES",
    "lat": 48.9742,
    "lng": 8.1851
  },
  "158.220.87.11": {
    "country": "United Kingdom",
    "countryCode": "GB",
    "city": "Portsmouth",
    "region": "ENG",
    "lat": 50.8514,
    "lng": -0.9903
  },
  "152.53.142.52": {
    "country": "Germany",
    "countryCode": "DE",
    "city": "Nuremberg",
    "region": "BY",
    "lat": 49.4521,
    "lng": 11.0767
  },
  "45.14.194.219": {
    "country": "France",
    "countryCode": "FR",
    "city": "Lauterbourg",
    "region": "GES",
    "lat": 48.9742,
    "lng": 8.1851
  },
  "37.60.225.195": {
    "country": "France",
    "countryCode": "FR",
    "city": "Lauterbourg",
    "region": "GES",
    "lat": 48.9742,
    "lng": 8.1851
  },
  "192.190.136.29": {
    "country": "United States",
    "countryCode": "US",
    "city": "Bettendorf",
    "region": "IA",
    "lat": 41.5503,
    "lng": -90.4825
  },
  "152.53.149.227": {
    "country": "Germany",
    "countryCode": "DE",
    "city": "Karlsruhe",
    "region": "Baden-Württemberg",
    "lat": 49.0068901,
    "lng": 8.4036527
  },
  "147.93.152.242": {
    "country": "India",
    "countryCode": "IN",
    "city": "Mumbai",
    "region": "Maharashtra",
    "lat": 19.0759837,
    "lng": 72.8776559
  },
  "85.215.133.244": {
    "country": "Germany",
    "countryCode": "DE",
    "city": "Berlin",
    "region": "Berlin",
    "lat": 52.5200066,
    "lng": 13.404954
  },
  "85.215.152.78": {
    "country": "Germany",
    "countryCode": "DE",
    "city": "Munich",
    "region": "Bavaria",
    "lat": 48.1351253,
    "lng": 11.5819806
  },
  "62.84.180.238": {
    "country": "France",
    "countryCode": "FR",
    "city": "Lauterbourg",
    "region": "Grand Est",
    "lat": 48.974797,
    "lng": 8.176773
  },
  "89.233.107.49": {
    "country": "Netherlands",
    "countryCode": "NL",
    "city": "Amsterdam",
    "region": "North Holland",
    "lat": 52.3702157,
    "lng": 4.8951679
  },
  "37.120.167.241": {
    "country": "Germany",
    "countryCode": "DE",
    "city": "Nuremberg",
    "region": "Bavaria",
    "lat": 49.4254092,
    "lng": 11.0796553
  },
  "161.97.84.233": {
    "country": "France",
    "countryCode": "FR",
    "city": "Lauterbourg",
    "region": "Grand Est",
    "lat": 48.974797,
    "lng": 8.176773
  },
  "152.53.207.59": {
    "country": "Germany",
    "countryCode": "DE",
    "city": "Hamburg",
    "region": "Hamburg",
    "lat": 53.5510846,
    "lng": 9.9936818
  },
  "85.0.102.245": {
    "country": "Switzerland",
    "countryCode": "CH",
    "city": "Zürich",
    "region": "Zurich",
    "lat": 47.3768866,
    "lng": 8.541694
  },
  "89.117.73.164": {
    "country": "United States",
    "countryCode": "US",
    "city": "Orangeburg",
    "region": "New York",
    "lat": 41.0464858,
    "lng": -73.9495818
  },
  "213.199.44.36": {
    "country": "France",
    "countryCode": "FR",
    "city": "Lauterbourg",
    "region": "Grand Est",
    "lat": 48.974797,
    "lng": 8.176773
  },
  "173.249.31.119": {
    "country": "France",
    "countryCode": "FR",
    "city": "Lauterbourg",
    "region": "Grand Est",
    "lat": 48.974797,
    "lng": 8.176773
  },
  "178.236.183.145": {
    "country": "United States",
    "countryCode": "US",
    "city": "Chicago",
    "region": "Illinois",
    "lat": 41.8781136,
    "lng": -87.6297982
  },
  "173.212.204.155": {
    "country": "France",
    "countryCode": "FR",
    "city": "Lauterbourg",
    "region": "Grand Est",
    "lat": 48.974797,
    "lng": 8.176773
  },
  "38.242.244.211": {
    "country": "France",
    "countryCode": "FR",
    "city": "Lauterbourg",
    "region": "Grand Est",
    "lat": 48.974797,
    "lng": 8.176773
  },
  "167.86.123.82": {
    "country": "France",
    "countryCode": "FR",
    "city": "Lauterbourg",
    "region": "Grand Est",
    "lat": 48.974797,
    "lng": 8.176773
  },
  "5.189.151.11": {
    "country": "France",
    "countryCode": "FR",
    "city": "Lauterbourg",
    "region": "Grand Est",
    "lat": 48.974797,
    "lng": 8.176773
  },
  "62.171.148.52": {
    "country": "France",
    "countryCode": "FR",
    "city": "Lauterbourg",
    "region": "Grand Est",
    "lat": 48.974797,
    "lng": 8.176773
  },
  "173.212.240.148": {
    "country": "France",
    "countryCode": "FR",
    "city": "Lauterbourg",
    "region": "Grand Est",
    "lat": 48.974797,
    "lng": 8.176773
  },
  "167.86.82.28": {
    "country": "Germany",
    "countryCode": "DE",
    "city": "Nuremberg",
    "region": "BY",
    "lat": 49.405,
    "lng": 11.1617
  },
  "77.237.245.165": {
    "country": "France",
    "countryCode": "FR",
    "city": "Lauterbourg",
    "region": "GES",
    "lat": 48.9742,
    "lng": 8.1851
  },
  "173.249.54.191": {
    "country": "France",
    "countryCode": "FR",
    "city": "Lauterbourg",
    "region": "GES",
    "lat": 48.9742,
    "lng": 8.1851
  },
  "185.241.151.163": {
    "country": "France",
    "countryCode": "FR",
    "city": "Lauterbourg",
    "region": "GES",
    "lat": 48.9742,
    "lng": 8.1851
  },
  "144.91.90.185": {
    "country": "France",
    "countryCode": "FR",
    "city": "Lauterbourg",
    "region": "GES",
    "lat": 48.9742,
    "lng": 8.1851
  },
  "31.220.99.33": {
    "country": "United States",
    "countryCode": "US",
    "city": "Orangeburg",
    "region": "NY",
    "lat": 41.0446,
    "lng": -73.9592
  },
  "209.126.82.3": {
    "country": "United States",
    "countryCode": "US",
    "city": "St Louis",
    "region": "MO",
    "lat": 38.6364,
    "lng": -90.1985
  },
  "194.233.90.20": {
    "country": "Singapore",
    "countryCode": "SG",
    "city": "Singapore",
    "region": "03",
    "lat": 1.35208,
    "lng": 103.82
  },
  "144.126.147.177": {
    "country": "United States",
    "countryCode": "US",
    "city": "Seattle",
    "region": "WA",
    "lat": 47.3066,
    "lng": -122.2619
  },
  "152.53.88.250": {
    "country": "United States",
    "countryCode": "US",
    "city": "Manassas",
    "region": "VA",
    "lat": 38.7475,
    "lng": -77.5317
  },
  "147.93.153.46": {
    "country": "India",
    "countryCode": "IN",
    "city": "Mumbai",
    "region": "Maharashtra",
    "lat": 19.0759837,
    "lng": 72.8776559
  },
  "194.164.163.83": {
    "country": "Spain",
    "countryCode": "ES",
    "city": "Madrid",
    "region": "Madrid",
    "lat": 40.4167754,
    "lng": -3.7037902
  },
  "173.249.43.109": {
    "country": "France",
    "countryCode": "FR",
    "city": "Lauterbourg",
    "region": "Grand Est",
    "lat": 48.974797,
    "lng": 8.176773
  },
  "94.72.101.253": {
    "country": "United Kingdom",
    "countryCode": "GB",
    "city": "Portsmouth",
    "region": "England",
    "lat": 50.8197675,
    "lng": -1.0879769
  },
  "92.60.37.23": {
    "country": "Germany",
    "countryCode": "DE",
    "city": "Karlsruhe",
    "region": "Baden-Württemberg",
    "lat": 49.0068901,
    "lng": 8.4036527
  },
  "45.151.122.71": {
    "country": "France",
    "countryCode": "FR",
    "city": "Lauterbourg",
    "region": "Grand Est",
    "lat": 48.974797,
    "lng": 8.176773
  },
  "161.97.97.41": {
    "country": "France",
    "countryCode": "FR",
    "city": "Lauterbourg",
    "region": "Grand Est",
    "lat": 48.974797,
    "lng": 8.176773
  },
  "192.190.136.28": {
    "country": "United States",
    "countryCode": "US",
    "city": "Bettendorf",
    "region": "Iowa",
    "lat": 41.56085,
    "lng": -90.48344
  },
  "173.249.12.46": {
    "country": "France",
    "countryCode": "FR",
    "city": "Lauterbourg",
    "region": "Grand Est",
    "lat": 48.974797,
    "lng": 8.176773
  },
  "46.250.236.79": {
    "country": "Singapore",
    "countryCode": "SG",
    "city": "Singapore",
    "region": "Southeast",
    "lat": 1.3553794,
    "lng": 103.8677444
  },
  "89.123.115.79": {
    "country": "Romania",
    "countryCode": "RO",
    "city": "Hlăpești",
    "region": "Neamț",
    "lat": 47.037568,
    "lng": 26.6006088
  },
  "94.72.103.38": {
    "country": "United Kingdom",
    "countryCode": "GB",
    "city": "Portsmouth",
    "region": "England",
    "lat": 50.8197675,
    "lng": -1.0879769
  },
  "173.249.3.118": {
    "country": "France",
    "countryCode": "FR",
    "city": "Lauterbourg",
    "region": "Grand Est",
    "lat": 48.974797,
    "lng": 8.176773
  },
  "89.233.108.27": {
    "country": "Germany",
    "countryCode": "DE",
    "city": "Frankfurt",
    "region": "Hesse",
    "lat": 50.1109221,
    "lng": 8.6821267
  },
  "194.195.87.8": {
    "country": "France",
    "countryCode": "FR",
    "city": "Lauterbourg",
    "region": "Grand Est",
    "lat": 48.974797,
    "lng": 8.176773
  },
  "159.195.10.182": {
    "country": "Germany",
    "countryCode": "DE",
    "city": "Karlsruhe",
    "region": "Baden-Württemberg",
    "lat": 49.0068901,
    "lng": 8.4036527
  },
  "144.126.137.111": {
    "country": "United States",
    "countryCode": "US",
    "city": "St. Louis",
    "region": "Missouri",
    "lat": 38.4414327,
    "lng": -90.3305516
  },
  "149.102.130.224": {
    "country": "United Kingdom",
    "countryCode": "GB",
    "city": "Portsmouth",
    "region": "England",
    "lat": 50.8197675,
    "lng": -1.0879769
  },
  "192.190.136.36": {
    "country": "United States",
    "countryCode": "US",
    "city": "Bettendorf",
    "region": "Iowa",
    "lat": 41.56085,
    "lng": -90.48344
  },
  "154.12.252.47": {
    "country": "United States",
    "countryCode": "US",
    "city": "New York",
    "region": "New York",
    "lat": 40.7127837,
    "lng": -74.0059413
  },
  "161.97.95.189": {
    "country": "France",
    "countryCode": "FR",
    "city": "Lauterbourg",
    "region": "GES",
    "lat": 48.9742,
    "lng": 8.1851
  },
  "192.190.136.37": {
    "country": "United States",
    "countryCode": "US",
    "city": "Bettendorf",
    "region": "IA",
    "lat": 41.5503,
    "lng": -90.4825
  },
  "86.15.187.1": {
    "country": "United Kingdom",
    "countryCode": "GB",
    "city": "Nottingham",
    "region": "ENG",
    "lat": 52.9994,
    "lng": -1.1318
  },
  "185.196.21.150": {
    "country": "France",
    "countryCode": "FR",
    "city": "Lauterbourg",
    "region": "GES",
    "lat": 48.9742,
    "lng": 8.1851
  },
  "149.102.131.53": {
    "country": "United Kingdom",
    "countryCode": "GB",
    "city": "Portsmouth",
    "region": "ENG",
    "lat": 50.8514,
    "lng": -0.9903
  },
  "154.38.185.152": {
    "country": "United States",
    "countryCode": "US",
    "city": "Orangeburg",
    "region": "NY",
    "lat": 41.0446,
    "lng": -73.9592
  },
  "213.199.57.70": {
    "country": "France",
    "countryCode": "FR",
    "city": "Lauterbourg",
    "region": "GES",
    "lat": 48.9742,
    "lng": 8.1851
  },
  "62.171.149.89": {
    "country": "Germany",
    "countryCode": "DE",
    "city": "Frankfurt am Main",
    "region": "HE",
    "lat": 50.1169,
    "lng": 8.6837
  },
  "62.171.174.201": {
    "country": "France",
    "countryCode": "FR",
    "city": "Lauterbourg",
    "region": "GES",
    "lat": 48.9742,
    "lng": 8.1851
  },
  "154.53.62.132": {
    "country": "United States",
    "countryCode": "US",
    "city": "Seattle",
    "region": "WA",
    "lat": 47.3066,
    "lng": -122.2619
  },
  "159.195.10.191": {
    "country": "Germany",
    "countryCode": "DE",
    "city": "Nuremberg",
    "region": "BY",
    "lat": 49.4423,
    "lng": 11.0191
  },
  "173.249.5.111": {
    "country": "France",
    "countryCode": "FR",
    "city": "Lauterbourg",
    "region": "GES",
    "lat": 48.9742,
    "lng": 8.1851
  },
  "216.234.134.5": {
    "country": "United States",
    "countryCode": "US",
    "city": "Bettendorf",
    "region": "IA",
    "lat": 41.5245,
    "lng": -90.5157
  },
  "185.255.131.182": {
    "country": "France",
    "countryCode": "FR",
    "city": "Lauterbourg",
    "region": "GES",
    "lat": 48.9742,
    "lng": 8.1851
  },
  "46.250.240.110": {
    "country": "United Kingdom",
    "countryCode": "GB",
    "city": "London",
    "region": "ENG",
    "lat": 51.5081,
    "lng": -0.1278
  },
  "185.215.166.225": {
    "country": "France",
    "countryCode": "FR",
    "city": "Lauterbourg",
    "region": "GES",
    "lat": 48.9742,
    "lng": 8.1851
  },
  "91.205.175.145": {
    "country": "France",
    "countryCode": "FR",
    "city": "Lauterbourg",
    "region": "GES",
    "lat": 48.9742,
    "lng": 8.1851
  },
  "89.123.115.81": {
    "country": "Romania",
    "countryCode": "RO",
    "city": "Bucharest",
    "region": "B",
    "lat": 44.4205,
    "lng": 26.169
  },
  "185.230.138.239": {
    "country": "France",
    "countryCode": "FR",
    "city": "Lauterbourg",
    "region": "GES",
    "lat": 48.9742,
    "lng": 8.1851
  },
  "74.208.201.147": {
    "country": "United States",
    "countryCode": "US",
    "city": "Washington",
    "region": "DC",
    "lat": 38.9072,
    "lng": -77.0369
  },
  "161.97.185.116": {
    "country": "France",
    "countryCode": "FR",
    "city": "Lauterbourg",
    "region": "Grand Est",
    "lat": 48.974797,
    "lng": 8.176773
  },
  "149.102.145.248": {
    "country": "United Kingdom",
    "countryCode": "GB",
    "city": "Portsmouth",
    "region": "England",
    "lat": 50.8197675,
    "lng": -1.0879769
  },
  "161.97.181.230": {
    "country": "France",
    "countryCode": "FR",
    "city": "Lauterbourg",
    "region": "Grand Est",
    "lat": 48.974797,
    "lng": 8.176773
  },
  "173.249.0.137": {
    "country": "France",
    "countryCode": "FR",
    "city": "Lauterbourg",
    "region": "Grand Est",
    "lat": 48.974797,
    "lng": 8.176773
  },
  "192.190.136.38": {
    "country": "United States",
    "countryCode": "US",
    "city": "Bettendorf",
    "region": "Iowa",
    "lat": 41.56085,
    "lng": -90.48344
  },
  "203.184.40.164": {
    "country": "New Zealand",
    "countryCode": "NZ",
    "city": "Rotorua",
    "region": "Bay Of Plenty",
    "lat": -38.1368478,
    "lng": 176.2497461
  },
  "84.21.171.111": {
    "country": "France",
    "countryCode": "FR",
    "city": "Lauterbourg",
    "region": "Grand Est",
    "lat": 48.974797,
    "lng": 8.176773
  },
  "46.250.252.209": {
    "country": "Japan",
    "countryCode": "JP",
    "city": "Tokyo",
    "region": "Tokyo",
    "lat": 35.7090259,
    "lng": 139.7319925
  },
  "173.249.37.50": {
    "country": "France",
    "countryCode": "FR",
    "city": "Lauterbourg",
    "region": "Grand Est",
    "lat": 48.974797,
    "lng": 8.176773
  },
  "45.151.122.60": {
    "country": "France",
    "countryCode": "FR",
    "city": "Lauterbourg",
    "region": "Grand Est",
    "lat": 48.974797,
    "lng": 8.176773
  },
  "62.84.180.240": {
    "country": "France",
    "countryCode": "FR",
    "city": "Lauterbourg",
    "region": "Grand Est",
    "lat": 48.974797,
    "lng": 8.176773
  },
  "155.133.22.165": {
    "country": "France",
    "countryCode": "FR",
    "city": "Lauterbourg",
    "region": "Grand Est",
    "lat": 48.974797,
    "lng": 8.176773
  },
  "195.26.241.159": {
    "country": "United States",
    "countryCode": "US",
    "city": "St. Louis",
    "region": "Missouri",
    "lat": 38.4414327,
    "lng": -90.3305516
  },
  "173.249.13.105": {
    "country": "France",
    "countryCode": "FR",
    "city": "Lauterbourg",
    "region": "Grand Est",
    "lat": 48.974797,
    "lng": 8.176773
  },
  "46.62.232.22": {
    "country": "Finland",
    "countryCode": "FI",
    "city": "Helsinki",
    "region": "Mainland Finland",
    "lat": 60.1698557,
    "lng": 24.938379
  },
  "207.180.203.27": {
    "country": "France",
    "countryCode": "FR",
    "city": "Lauterbourg",
    "region": "Grand Est",
    "lat": 48.974797,
    "lng": 8.176773
  },
  "207.244.255.1": {
    "country": "United States",
    "countryCode": "US",
    "city": "St. Louis",
    "region": "Missouri",
    "lat": 38.6270025,
    "lng": -90.1994042
  },
  "209.182.235.137": {
    "country": "United States",
    "countryCode": "US",
    "city": "Los Angeles",
    "region": "California",
    "lat": 34.0522342,
    "lng": -118.2436849
  },
  "45.151.122.77": {
    "country": "France",
    "countryCode": "FR",
    "city": "Lauterbourg",
    "region": "Grand Est",
    "lat": 48.974797,
    "lng": 8.176773
  },
  "144.91.102.180": {
    "country": "France",
    "countryCode": "FR",
    "city": "Lauterbourg",
    "region": "Grand Est",
    "lat": 48.974797,
    "lng": 8.176773
  },
  "194.163.173.68": {
    "country": "France",
    "countryCode": "FR",
    "city": "Lauterbourg",
    "region": "GES",
    "lat": 48.9742,
    "lng": 8.1851
  },
  "77.237.237.212": {
    "country": "France",
    "countryCode": "FR",
    "city": "Lauterbourg",
    "region": "GES",
    "lat": 48.9742,
    "lng": 8.1851
  },
  "161.97.154.250": {
    "country": "France",
    "countryCode": "FR",
    "city": "Lauterbourg",
    "region": "GES",
    "lat": 48.9742,
    "lng": 8.1851
  },
  "173.249.29.36": {
    "country": "France",
    "countryCode": "FR",
    "city": "Lauterbourg",
    "region": "GES",
    "lat": 48.9742,
    "lng": 8.1851
  },
  "5.189.131.89": {
    "country": "France",
    "countryCode": "FR",
    "city": "Lauterbourg",
    "region": "GES",
    "lat": 48.9742,
    "lng": 8.1851
  },
  "207.244.235.163": {
    "country": "United States",
    "countryCode": "US",
    "city": "St Louis",
    "region": "MO",
    "lat": 38.6364,
    "lng": -90.1985
  },
  "5.189.186.194": {
    "country": "France",
    "countryCode": "FR",
    "city": "Lauterbourg",
    "region": "GES",
    "lat": 48.9742,
    "lng": 8.1851
  },
  "5.189.183.225": {
    "country": "France",
    "countryCode": "FR",
    "city": "Lauterbourg",
    "region": "GES",
    "lat": 48.9742,
    "lng": 8.1851
  },
  "207.180.245.116": {
    "country": "France",
    "countryCode": "FR",
    "city": "Lauterbourg",
    "region": "GES",
    "lat": 48.9742,
    "lng": 8.1851
  },
  "207.180.248.132": {
    "country": "France",
    "countryCode": "FR",
    "city": "Lauterbourg",
    "region": "GES",
    "lat": 48.9742,
    "lng": 8.1851
  },
  "207.180.248.145": {
    "country": "France",
    "countryCode": "FR",
    "city": "Lauterbourg",
    "region": "Grand Est",
    "lat": 48.974797,
    "lng": 8.176773
  },
  "207.180.249.161": {
    "country": "France",
    "countryCode": "FR",
    "city": "Lauterbourg",
    "region": "Grand Est",
    "lat": 48.974797,
    "lng": 8.176773
  },
  "207.180.249.215": {
    "country": "France",
    "countryCode": "FR",
    "city": "Lauterbourg",
    "region": "Grand Est",
    "lat": 48.974797,
    "lng": 8.176773
  },
  "207.180.250.246": {
    "country": "France",
    "countryCode": "FR",
    "city": "Lauterbourg",
    "region": "Grand Est",
    "lat": 48.974797,
    "lng": 8.176773
  },
  "173.212.204.185": {
    "country": "France",
    "countryCode": "FR",
    "city": "Lauterbourg",
    "region": "Grand Est",
    "lat": 48.974797,
    "lng": 8.176773
  },
  "167.71.54.208": {
    "country": "Germany",
    "countryCode": "DE",
    "city": "Frankfurt",
    "region": "Hesse",
    "lat": 50.1109221,
    "lng": 8.6821267
  },
  "157.180.116.138": {
    "country": "Finland",
    "countryCode": "FI",
    "city": "Helsinki",
    "region": "Mainland Finland",
    "lat": 60.1698557,
    "lng": 24.938379
  },
  "155.133.26.94": {
    "country": "France",
    "countryCode": "FR",
    "city": "Lauterbourg",
    "region": "Grand Est",
    "lat": 48.974797,
    "lng": 8.176773
  },
  "31.220.86.39": {
    "country": "France",
    "countryCode": "FR",
    "city": "Lauterbourg",
    "region": "Grand Est",
    "lat": 48.974797,
    "lng": 8.176773
  },
  "82.208.23.61": {
    "country": "France",
    "countryCode": "FR",
    "city": "Lauterbourg",
    "region": "Grand Est",
    "lat": 48.974797,
    "lng": 8.176773
  },
  "185.218.125.113": {
    "country": "France",
    "countryCode": "FR",
    "city": "Lauterbourg",
    "region": "Grand Est",
    "lat": 48.974797,
    "lng": 8.176773
  },
  "167.86.125.190": {
    "country": "France",
    "countryCode": "FR",
    "city": "Lauterbourg",
    "region": "Grand Est",
    "lat": 48.974797,
    "lng": 8.176773
  },
  "173.249.13.110": {
    "country": "France",
    "countryCode": "FR",
    "city": "Lauterbourg",
    "region": "Grand Est",
    "lat": 48.974797,
    "lng": 8.176773
  },
  "62.171.138.27": {
    "country": "France",
    "countryCode": "FR",
    "city": "Lauterbourg",
    "region": "Grand Est",
    "lat": 48.974797,
    "lng": 8.176773
  },
  "154.38.171.140": {
    "country": "United States",
    "countryCode": "US",
    "city": "St. Louis",
    "region": "Missouri",
    "lat": 38.4414327,
    "lng": -90.3305516
  },
  "154.38.170.117": {
    "country": "United States",
    "countryCode": "US",
    "city": "St. Louis",
    "region": "Missouri",
    "lat": 38.4414327,
    "lng": -90.3305516
  },
  "154.38.168.26": {
    "country": "United States",
    "countryCode": "US",
    "city": "St. Louis",
    "region": "Missouri",
    "lat": 38.4414327,
    "lng": -90.3305516
  },
  "45.84.138.110": {
    "country": "France",
    "countryCode": "FR",
    "city": "Lauterbourg",
    "region": "Grand Est",
    "lat": 48.974797,
    "lng": 8.176773
  },
  "5.189.160.110": {
    "country": "France",
    "countryCode": "FR",
    "city": "Lauterbourg",
    "region": "Grand Est",
    "lat": 48.974797,
    "lng": 8.176773
  },
  "81.0.219.43": {
    "country": "United Kingdom",
    "countryCode": "GB",
    "city": "Portsmouth",
    "region": "England",
    "lat": 50.8197675,
    "lng": -1.0879769
  },
  "84.247.189.161": {
    "country": "Germany",
    "countryCode": "DE",
    "city": "Düsseldorf",
    "region": "NW",
    "lat": 51.2357,
    "lng": 6.8091
  },
  "84.247.190.133": {
    "country": "Germany",
    "countryCode": "DE",
    "city": "Düsseldorf",
    "region": "NW",
    "lat": 51.2357,
    "lng": 6.8091
  },
  "158.220.85.120": {
    "country": "United Kingdom",
    "countryCode": "GB",
    "city": "Portsmouth",
    "region": "ENG",
    "lat": 50.8514,
    "lng": -0.9903
  },
  "62.171.153.59": {
    "country": "Germany",
    "countryCode": "DE",
    "city": "Frankfurt am Main",
    "region": "HE",
    "lat": 50.1169,
    "lng": 8.6837
  },
  "178.18.250.133": {
    "country": "France",
    "countryCode": "FR",
    "city": "Lauterbourg",
    "region": "GES",
    "lat": 48.9742,
    "lng": 8.1851
  },
  "158.220.80.124": {
    "country": "United Kingdom",
    "countryCode": "GB",
    "city": "Portsmouth",
    "region": "ENG",
    "lat": 50.8514,
    "lng": -0.9903
  },
  "154.38.174.90": {
    "country": "United States",
    "countryCode": "US",
    "city": "St Louis",
    "region": "MO",
    "lat": 38.6364,
    "lng": -90.1985
  },
  "37.60.234.104": {
    "country": "France",
    "countryCode": "FR",
    "city": "Lauterbourg",
    "region": "GES",
    "lat": 48.9742,
    "lng": 8.1851
  },
  "209.126.9.141": {
    "country": "United States",
    "countryCode": "US",
    "city": "St Louis",
    "region": "MO",
    "lat": 38.6364,
    "lng": -90.1985
  },
  "158.220.85.70": {
    "country": "United Kingdom",
    "countryCode": "GB",
    "city": "Portsmouth",
    "region": "ENG",
    "lat": 50.8514,
    "lng": -0.9903
  },
  "62.171.152.144": {
    "country": "France",
    "countryCode": "FR",
    "city": "Lauterbourg",
    "region": "Grand Est",
    "lat": 48.974797,
    "lng": 8.176773
  },
  "217.76.50.220": {
    "country": "France",
    "countryCode": "FR",
    "city": "Lauterbourg",
    "region": "Grand Est",
    "lat": 48.974797,
    "lng": 8.176773
  },
  "116.202.103.15": {
    "country": "Germany",
    "countryCode": "DE",
    "city": "Falkenstein",
    "region": "Saxony",
    "lat": 50.4750046,
    "lng": 12.3649754
  },
  "46.224.48.20": {
    "country": "Germany",
    "countryCode": "DE",
    "city": "Nuremberg",
    "region": "Bavaria",
    "lat": 49.4254092,
    "lng": 11.0796553
  },
  "209.126.82.55": {
    "country": "United States",
    "countryCode": "US",
    "city": "St. Louis",
    "region": "Missouri",
    "lat": 38.6270025,
    "lng": -90.1994042
  },
  "34.27.59.48": {
    "country": "United States",
    "countryCode": "US",
    "city": "Council Bluffs",
    "region": "Iowa",
    "lat": 41.2619444,
    "lng": -95.8608333
  },
  "147.93.179.46": {
    "country": "United States",
    "countryCode": "US",
    "city": "Orangeburg",
    "region": "New York",
    "lat": 41.0464858,
    "lng": -73.9495818
  },
  "209.126.5.34": {
    "country": "United States",
    "countryCode": "US",
    "city": "St. Louis",
    "region": "Missouri",
    "lat": 38.4414327,
    "lng": -90.3305516
  },
  "144.126.159.237": {
    "country": "United States",
    "countryCode": "US",
    "city": "St. Louis",
    "region": "Missouri",
    "lat": 38.6270025,
    "lng": -90.1994042
  },
  "66.94.119.137": {
    "country": "United States",
    "countryCode": "US",
    "city": "St. Louis",
    "region": "Missouri",
    "lat": 38.6270025,
    "lng": -90.1994042
  },
  "144.91.86.48": {
    "country": "France",
    "countryCode": "FR",
    "city": "Lauterbourg",
    "region": "Grand Est",
    "lat": 48.974797,
    "lng": 8.176773
  },
  "173.249.36.181": {
    "country": "France",
    "countryCode": "FR",
    "city": "Lauterbourg",
    "region": "Grand Est",
    "lat": 48.974797,
    "lng": 8.176773
  },
  "194.238.24.97": {
    "country": "United States",
    "countryCode": "US",
    "city": "St. Louis",
    "region": "Missouri",
    "lat": 38.4414327,
    "lng": -90.3305516
  },
  "194.238.24.86": {
    "country": "United States",
    "countryCode": "US",
    "city": "St. Louis",
    "region": "Missouri",
    "lat": 38.4414327,
    "lng": -90.3305516
  },
  "89.117.149.165": {
    "country": "United States",
    "countryCode": "US",
    "city": "Saint Louis",
    "region": "Oklahoma",
    "lat": 35.0723358,
    "lng": -96.8616114
  },
  "194.238.24.95": {
    "country": "United States",
    "countryCode": "US",
    "city": "St. Louis",
    "region": "Missouri",
    "lat": 38.4414327,
    "lng": -90.3305516
  },
  "194.238.24.94": {
    "country": "United States",
    "countryCode": "US",
    "city": "St. Louis",
    "region": "Missouri",
    "lat": 38.4414327,
    "lng": -90.3305516
  },
  "194.238.24.87": {
    "country": "United States",
    "countryCode": "US",
    "city": "St. Louis",
    "region": "Missouri",
    "lat": 38.4414327,
    "lng": -90.3305516
  },
  "194.238.24.91": {
    "country": "United States",
    "countryCode": "US",
    "city": "St. Louis",
    "region": "Missouri",
    "lat": 38.4414327,
    "lng": -90.3305516
  },
  "157.173.197.103": {
    "country": "United States",
    "countryCode": "US",
    "city": "St. Louis",
    "region": "Missouri",
    "lat": 38.6270025,
    "lng": -90.1994042
  },
  "194.238.24.96": {
    "country": "United States",
    "countryCode": "US",
    "city": "St Louis",
    "region": "MO",
    "lat": 38.6364,
    "lng": -90.1985
  },
  "157.173.197.104": {
    "country": "United States",
    "countryCode": "US",
    "city": "St Louis",
    "region": "MO",
    "lat": 38.6364,
    "lng": -90.1985
  },
  "157.173.197.106": {
    "country": "United States",
    "countryCode": "US",
    "city": "St Louis",
    "region": "MO",
    "lat": 38.6364,
    "lng": -90.1985
  },
  "37.60.255.42": {
    "country": "France",
    "countryCode": "FR",
    "city": "Lauterbourg",
    "region": "GES",
    "lat": 48.9742,
    "lng": 8.1851
  },
  "109.199.96.218": {
    "country": "France",
    "countryCode": "FR",
    "city": "Lauterbourg",
    "region": "GES",
    "lat": 48.9742,
    "lng": 8.1851
  },
  "37.60.250.209": {
    "country": "France",
    "countryCode": "FR",
    "city": "Lauterbourg",
    "region": "GES",
    "lat": 48.9742,
    "lng": 8.1851
  },
  "157.173.125.223": {
    "country": "France",
    "countryCode": "FR",
    "city": "Lauterbourg",
    "region": "GES",
    "lat": 48.9742,
    "lng": 8.1851
  },
  "77.53.105.8": {
    "country": "Sweden",
    "countryCode": "SE",
    "city": "Sundbyberg",
    "region": "AB",
    "lat": 59.3565,
    "lng": 17.9651
  },
  "77.53.105.6": {
    "country": "Sweden",
    "countryCode": "SE",
    "city": "Sundbyberg",
    "region": "AB",
    "lat": 59.3565,
    "lng": 17.9651
  },
  "77.53.105.9": {
    "country": "Sweden",
    "countryCode": "SE",
    "city": "Sundbyberg",
    "region": "AB",
    "lat": 59.3565,
    "lng": 17.9651
  },
  "77.53.105.7": {
    "country": "Sweden",
    "countryCode": "SE",
    "city": "Umeå",
    "region": "Västerbotten County",
    "lat": 63.8258471,
    "lng": 20.2630354
  },
  "77.53.105.5": {
    "country": "Sweden",
    "countryCode": "SE",
    "city": "Umeå",
    "region": "Västerbotten County",
    "lat": 63.8258471,
    "lng": 20.2630354
  },
  "94.255.130.90": {
    "country": "Sweden",
    "countryCode": "SE",
    "city": "Lomma",
    "region": "Skåne County",
    "lat": 55.6731375,
    "lng": 13.0674055
  },
  "173.249.27.46": {
    "country": "France",
    "countryCode": "FR",
    "city": "Lauterbourg",
    "region": "Grand Est",
    "lat": 48.974797,
    "lng": 8.176773
  },
  "95.216.96.113": {
    "country": "Finland",
    "countryCode": "FI",
    "city": "Helsinki",
    "region": "Mainland Finland",
    "lat": 60.1698557,
    "lng": 24.938379
  },
  "105.116.7.80": {
    "country": "Nigeria",
    "countryCode": "NG",
    "city": "Port Harcourt",
    "region": "Rivers",
    "lat": 4.815554,
    "lng": 7.0498442
  },
  "105.116.12.65": {
    "country": "Nigeria",
    "countryCode": "NG",
    "city": "Port Harcourt",
    "region": "Rivers",
    "lat": 4.88046,
    "lng": 6.998779
  },
  "102.90.102.41": {
    "country": "Nigeria",
    "countryCode": "NG",
    "city": "Port Harcourt",
    "region": "Rivers",
    "lat": 4.815554,
    "lng": 7.0498442
  },
  "105.113.12.48": {
    "country": "Nigeria",
    "countryCode": "NG",
    "city": "Port Harcourt",
    "region": "Rivers",
    "lat": 4.88046,
    "lng": 6.998779
  },
  "149.102.137.195": {
    "country": "France",
    "countryCode": "FR",
    "city": "Lauterbourg",
    "region": "Grand Est",
    "lat": 48.974797,
    "lng": 8.176773
  },
  "64.227.132.18": {
    "country": "India",
    "countryCode": "IN",
    "city": "Bengaluru",
    "region": "Karnataka",
    "lat": 12.9715987,
    "lng": 77.5945627
  },
  "1.38.164.109": {
    "country": "India",
    "countryCode": "IN",
    "city": "Gandevi",
    "region": "Gujarat",
    "lat": 20.8076767,
    "lng": 72.9992013
  },
  "105.116.1.203": {
    "country": "Nigeria",
    "countryCode": "NG",
    "city": "Port Harcourt",
    "region": "Rivers",
    "lat": 4.815554,
    "lng": 7.0498442
  },
  "102.90.99.199": {
    "country": "Nigeria",
    "countryCode": "NG",
    "city": "Calabar",
    "region": "Cross River",
    "lat": 4.9757165,
    "lng": 8.3417006
  },
  "105.116.9.183": {
    "country": "Nigeria",
    "countryCode": "NG",
    "city": "Port Harcourt",
    "region": "Rivers",
    "lat": 4.88046,
    "lng": 6.998779
  },
  "105.116.7.203": {
    "country": "Nigeria",
    "countryCode": "NG",
    "city": "Port Harcourt",
    "region": "Rivers",
    "lat": 4.815554,
    "lng": 7.0498442
  },
  "160.202.38.64": {
    "country": "India",
    "countryCode": "IN",
    "city": "New Delhi",
    "region": "Delhi",
    "lat": 28.6139391,
    "lng": 77.2090212
  },
  "105.116.9.65": {
    "country": "Nigeria",
    "countryCode": "NG",
    "city": "Port Harcourt",
    "region": "RI",
    "lat": 4.7731,
    "lng": 7.0085
  },
  "105.116.3.132": {
    "country": "Nigeria",
    "countryCode": "NG",
    "city": "Port Harcourt",
    "region": "RI",
    "lat": 4.7731,
    "lng": 7.0085
  },
  "105.116.14.236": {
    "country": "Nigeria",
    "countryCode": "NG",
    "city": "Port Harcourt",
    "region": "RI",
    "lat": 4.7731,
    "lng": 7.0085
  },
  "94.255.129.178": {
    "country": "Sweden",
    "countryCode": "SE",
    "city": "Malmo",
    "region": "M",
    "lat": 55.6078,
    "lng": 12.9982
  },
  "3.94.159.224": {
    "country": "United States",
    "countryCode": "US",
    "city": "Ashburn",
    "region": "VA",
    "lat": 39.0438,
    "lng": -77.4874
  },
  "94.255.130.154": {
    "country": "Sweden",
    "countryCode": "SE",
    "city": "Malmo",
    "region": "M",
    "lat": 55.6078,
    "lng": 12.9982
  },
  "94.255.130.13": {
    "country": "Sweden",
    "countryCode": "SE",
    "city": "Malmo",
    "region": "M",
    "lat": 55.6078,
    "lng": 12.9982
  },
  "160.202.38.95": {
    "country": "India",
    "countryCode": "IN",
    "city": "New Delhi",
    "region": "DL",
    "lat": 28.6327,
    "lng": 77.2198
  },
  "206.255.240.179": {
    "country": "United States",
    "countryCode": "US",
    "city": "Vicksburg",
    "region": "MS",
    "lat": 32.3255,
    "lng": -90.8552
  },
  "161.156.85.177": {
    "country": "Germany",
    "countryCode": "DE",
    "city": "Frankfurt",
    "region": "Hesse",
    "lat": 50.1109221,
    "lng": 8.6821267
  },
  "38.242.207.242": {
    "country": "France",
    "countryCode": "FR",
    "city": "Lauterbourg",
    "region": "Grand Est",
    "lat": 48.974797,
    "lng": 8.176773
  },
  "206.255.240.181": {
    "country": "United States",
    "countryCode": "US",
    "city": "Vicksburg",
    "region": "Mississippi",
    "lat": 32.3526456,
    "lng": -90.877882
  },
  "94.255.128.133": {
    "country": "Sweden",
    "countryCode": "SE",
    "city": "Hammenhög",
    "region": "Skåne County",
    "lat": 55.5026031,
    "lng": 14.1512715
  },
  "77.53.105.10": {
    "country": "Sweden",
    "countryCode": "SE",
    "city": "Umeå",
    "region": "Västerbotten County",
    "lat": 63.8258471,
    "lng": 20.2630354
  },
  "95.217.108.120": {
    "country": "Finland",
    "countryCode": "FI",
    "city": "Helsinki",
    "region": "Mainland Finland",
    "lat": 60.1698557,
    "lng": 24.938379
  },
  "94.255.129.180": {
    "country": "Sweden",
    "countryCode": "SE",
    "city": "Malmö",
    "region": "Skåne County",
    "lat": 55.604981,
    "lng": 13.003822
  },
  "154.38.175.38": {
    "country": "United States",
    "countryCode": "US",
    "city": "St. Louis",
    "region": "Missouri",
    "lat": 38.4414327,
    "lng": -90.3305516
  },
  "94.255.129.186": {
    "country": "Sweden",
    "countryCode": "SE",
    "city": "Malmo",
    "region": "M",
    "lat": 55.6078,
    "lng": 12.9982
  },
  "77.53.105.1": {
    "country": "Sweden",
    "countryCode": "SE",
    "city": "Sundbyberg",
    "region": "AB",
    "lat": 59.3565,
    "lng": 17.9651
  }
}
